Patient,PEF,FEV1,date
a301,,,18.01.21
a301,1,42,19.02.21
a301,1,26,21.03.21
a301,1,31,02.05.21
a301,,,08.05.21
a301,,,13.03.21
a301,,,27.04.21
a301,4,21,30.01.21
a301,4,37,05.03.21
a301,4,22,19.03.21
a301,,,04.05.21
a301,,,04.02.21
a301,,,28.03.21
a301,,,29.03.21
a301,7,29,22.04.21
a301,8,22,10.04.21
a301,9,15,01.03.21
a301,9,9,10.03.21
a301,9,21,06.05.21
a301,,,29.01.21
a301,,,18.02.21
a301,,,09.05.21
a301,,,24.03.21
a301,,,18.04.21
a301,,,01.05.21
a301,,,13.05.21
a301,13,22,26.02.21
a301,13,26,12.04.21
a301,,,03.01.21
a301,,,17.03.21
a301,,,13.02.21
a301,,,07.03.21
a301,,,17.01.21
a301,,,20.03.21
a301,17,42,27.01.21
a301,17,22,28.01.21
a301,17,23,11.02.21
a301,18,22,06.01.21
a301,18,3,25.01.21
a301,18,32,08.02.21
a301,18,10,02.04.21
a301,19,13,08.03.21
a301,,,20.02.21
a301,,,05.04.21
a301,,,27.03.21
a301,24,7,09.02.21
a301,24,28,11.04.21
a301,,,10.02.21
a301,,,06.04.21
a301,,,25.04.21
a301,27,10,21.02.21
a301,27,19,17.04.21
a301,,,20.01.21
a301,,,03.02.21
a301,,,17.02.21
a301,,,04.04.21
a301,,,18.05.21
a301,29,18,01.01.21
a301,29,25,07.04.21
a301,30,15,09.01.21
a301,30,36,14.02.21
a301,30,26,04.03.21
a301,,,16.03.21
a301,,,05.05.21
a301,,,02.01.21
a301,,,05.02.21
a301,31,22,30.03.21
a301,31,15,16.05.21
a301,,,05.01.21
a301,,,26.03.21
a301,,,16.04.21
a301,,,10.01.21
a301,,,15.02.21
a301,,,26.04.21
a301,,,29.04.21
a301,34,36,03.03.21
a301,34,32,08.04.21
a301,34,37,09.04.21
a301,34,17,10.05.21
a301,35,10,24.01.21
a301,35,20,09.03.21
a301,35,33,31.03.21
a301,35,25,03.05.21
a301,35,33,07.05.21
a301,35,19,17.05.21
a301,,,08.01.21
a301,,,21.01.21
a301,,,23.03.21
a301,,,03.04.21
a301,,,24.04.21
a301,,,14.05.21
a301,,,19.04.21
a301,,,23.04.21
a301,38,22,26.01.21
a301,38,21,31.01.21
a301,38,8,01.02.21
a301,38,34,06.02.21
a301,39,25,13.01.21
a301,,,24.02.21
a301,,,30.04.21
a301,,,11.05.21
a301,40,31,18.03.21
a301,41,14,16.01.21
a301,41,13,12.03.21
a301,41,28,15.05.21
a301,42,28,14.04.21
a301,43,13,15.04.21
a301,43,24,21.04.21
a301,,,14.01.21
a301,,,19.01.21
a301,,,22.01.21
a301,46,39,22.02.21
a301,46,32,27.02.21
a301,48,18,02.03.21
a301,48,17,22.03.21
a301,48,36,20.04.21
a301,,,28.04.21
a301,,,07.01.21
a301,,,25.02.21
a301,54,28,15.01.21
a301,54,29,15.03.21
a301,55,26,23.01.21
a301,55,37,11.03.21
a301,58,21,07.02.21
a301,58,30,12.05.21
a301,60,26,11.01.21
a301,61,25,01.04.21
a301,,,13.04.21
a301,,,16.02.21
a301,,,23.02.21
a301,,,02.02.21
a301,,,28.02.21
a301,,,14.03.21
a301,,,25.03.21
a301,,,12.01.21
a301,,,06.03.21
a301,,,12.02.21
a301,,,04.01.21
ID_2,,,04.01.21
ID_2,,,25.03.21
ID_2,,,02.02.21
ID_2,,,05.02.21
ID_2,,,06.03.21
ID_2,6,36,05.01.21
ID_2,6,36,08.02.21
ID_2,,,30.03.21
ID_2,,,04.04.21
ID_2,,,20.01.21
ID_2,,,25.01.21
ID_2,,,22.03.21
ID_2,8,33,18.03.21
ID_2,8,30,20.03.21
ID_2,8,5,07.04.21
ID_2,8,39,13.04.21
ID_2,,,07.02.21
ID_2,,,18.02.21
ID_2,,,22.02.21
ID_2,9,24,23.03.21
ID_2,,,08.04.21
ID_2,,,07.01.21
ID_2,,,14.01.21
ID_2,,,16.02.21
ID_2,,,09.02.21
ID_2,,,16.03.21
ID_2,13,35,11.03.21
ID_2,14,28,24.01.21
ID_2,14,42,15.04.21
ID_2,,,14.02.21
ID_2,,,27.02.21
ID_2,,,06.01.21
ID_2,18,38,08.01.21
ID_2,18,27,02.03.21
ID_2,18,38,03.03.21
ID_2,18,44,05.03.21
ID_2,19,34,18.01.21
ID_2,19,37,24.02.21
ID_2,19,31,02.04.21
ID_2,,,11.02.21
ID_2,,,07.03.21
ID_2,,,17.04.21
ID_2,22,34,01.01.21
ID_2,22,48,11.01.21
ID_2,22,38,17.01.21
ID_2,22,35,15.02.21
ID_2,,,20.02.21
ID_2,,,23.02.21
ID_2,,,04.03.21
ID_2,,,31.03.21
ID_2,24,34,10.01.21
ID_2,24,27,29.01.21
ID_2,24,36,03.02.21
ID_2,24,26,08.03.21
ID_2,25,41,26.01.21
ID_2,25,21,01.03.21
ID_2,25,25,03.04.21
ID_2,,,10.04.21
ID_2,,,14.04.21
ID_2,,,13.02.21
ID_2,,,13.03.21
ID_2,28,31,09.01.21
ID_2,28,27,26.02.21
ID_2,28,17,24.03.21
ID_2,,,26.03.21
ID_2,29,23,19.03.21
ID_2,30,21,17.02.21
ID_2,30,20,09.03.21
ID_2,30,41,17.03.21
ID_2,30,28,12.04.21
ID_2,,,01.02.21
ID_2,,,27.03.21
ID_2,,,28.03.21
ID_2,,,06.04.21
ID_2,32,45,30.01.21
ID_2,32,25,10.02.21
ID_2,,,19.02.21
ID_2,,,14.03.21
ID_2,,,15.03.21
ID_2,,,11.04.21
ID_2,34,41,03.01.21
ID_2,34,21,23.01.21
ID_2,35,42,27.01.21
ID_2,,,02.01.21
ID_2,,,13.01.21
ID_2,,,21.03.21
ID_2,,,09.04.21
ID_2,,,10.03.21
ID_2,,,31.01.21
ID_2,38,35,01.04.21
ID_2,39,18,12.03.21
ID_2,,,16.01.21
ID_2,,,28.02.21
ID_2,,,05.04.21
ID_2,41,21,04.02.21
ID_2,41,27,25.02.21
ID_2,43,28,12.01.21
ID_2,,,15.01.21
ID_2,,,19.01.21
ID_2,,,28.01.21
ID_2,,,21.02.21
ID_2,47,41,12.02.21
ID_2,48,33,22.01.21
ID_2,48,26,06.02.21
ID_2,,,18.04.21
ID_2,,,29.03.21
ID_2,,,16.04.21
ID_2,,,21.01.21
testpat_1,,,01.02.21
testpat_1,,,18.01.21
testpat_1,,,21.01.21
testpat_1,,,08.02.21
testpat_1,2,45,02.01.21
testpat_1,,,20.01.21
testpat_1,,,22.02.21
testpat_1,,,21.03.21
testpat_1,,,02.04.21
testpat_1,,,09.01.21
testpat_1,4,42,27.01.21
testpat_1,4,30,05.02.21
testpat_1,4,28,23.02.21
testpat_1,4,33,31.03.21
testpat_1,,,03.01.21
testpat_1,,,12.01.21
testpat_1,,,17.01.21
testpat_1,,,04.02.21
testpat_1,6,50,10.02.21
testpat_1,6,44,28.02.21
testpat_1,6,39,17.03.21
testpat_1,6,20,10.04.21
testpat_1,,,05.03.21
testpat_1,,,25.03.21
testpat_1,8,37,18.02.21
testpat_1,8,39,08.04.21
testpat_1,9,42,01.01.21
testpat_1,,,25.01.21
testpat_1,,,12.02.21
testpat_1,,,19.02.21
testpat_1,10,45,11.01.21
testpat_1,10,40,06.02.21
testpat_1,10,47,04.03.21
testpat_1,,,29.03.21
testpat_1,11,33,04.01.21
testpat_1,11,28,16.01.21
testpat_1,11,38,06.03.21
testpat_1,11,39,11.03.21
testpat_1,,,15.03.21
testpat_1,,,30.03.21
testpat_1,,,27.02.21
testpat_1,,,03.02.21
testpat_1,,,09.03.21
testpat_1,13,34,03.04.21
testpat_1,13,27,06.04.21
testpat_1,14,46,31.01.21
testpat_1,14,36,02.02.21
testpat_1,14,28,14.03.21
testpat_1,,,07.03.21
testpat_1,,,30.01.21
testpat_1,17,25,16.03.21
testpat_1,17,28,23.03.21
testpat_1,18,38,10.01.21
testpat_1,18,36,22.01.21
testpat_1,,,20.03.21
testpat_1,,,22.03.21
testpat_1,,,28.03.21
testpat_1,19,32,13.02.21
testpat_1,19,36,19.03.21
testpat_1,20,37,07.01.21
testpat_1,20,24,15.01.21
testpat_1,20,41,23.01.21
testpat_1,,,24.01.21
testpat_1,,,17.02.21
testpat_1,22,31,19.01.21
testpat_1,,,14.01.21
testpat_1,,,26.03.21
testpat_1,,,21.02.21
testpat_1,24,38,10.03.21
testpat_1,24,24,18.03.21
testpat_1,25,31,13.01.21
testpat_1,,,14.02.21
testpat_1,,,28.01.21
testpat_1,,,03.03.21
testpat_1,28,22,09.02.21
testpat_1,28,34,26.02.21
testpat_1,,,29.01.21
testpat_1,29,33,05.04.21
testpat_1,30,32,05.01.21
testpat_1,,,06.01.21
testpat_1,,,02.03.21
testpat_1,,,24.03.21
testpat_1,32,32,11.02.21
testpat_1,32,38,25.02.21
testpat_1,32,41,01.03.21
testpat_1,32,27,04.04.21
testpat_1,,,08.01.21
testpat_1,,,26.01.21
testpat_1,,,24.02.21
testpat_1,,,07.04.21
testpat_1,,,13.03.21
testpat_1,,,12.03.21
testpat_1,39,47,27.03.21
testpat_1,42,23,16.02.21
testpat_1,43,31,08.03.21
testpat_1,,,20.02.21
testpat_1,,,01.04.21
testpat_1,46,36,15.02.21
testpat_1,48,41,07.02.21
testpat_1,57,38,09.04.21
